Workbook

Sheet pivot_table
A1: Row Labels | B1: Sum of ClaimAmount | C1: Count of ClaimID | D1: Avg cost per employee
A2: Employer_01 | B2: 430942.93 | C2: 82 | D2: 5255.4
A3: Employer_02 | B3: 359063.79 | C3: 68 | D3: 5280.35
A4: Employer_03 | B4: 394116.09 | C4: 74 | D4: 5325.89
A5: Employer_04 | B5: 326800.47 | C5: 64 | D5: 5106.26
A6: Employer_05 | B6: 372044.09 | C6: 80 | D6: 4650.55
A7: Employer_06 | B7: 293182.68 | C7: 58 | D7: 5054.87
A8: Employer_07 | B8: 270025.22 | C8: 65 | D8: 4154.23
A9: Employer_08 | B9: 374659.08 | C9: 74 | D9: 5062.96
A10: Employer_09 | B10: 275978.36 | C10: 56 | D10: 4928.19
A11: Employer_10 | B11: 267204.18 | C11: 58 | D11: 4606.97
A12: Employer_11 | B12: 263049.53 | C12: 56 | D12: 4697.31
A13: Employer_12 | B13: 375732.32 | C13: 69 | D13: 5445.4
... A20: Grand Total | B20: 5950595.7 | C20: 1188 | D20: 5008.92

Sheet scenario
A1: EmployerGroup | B1: Cost per Employee | C1: Rank
A2: Employer_01 | B2: =_xlfn.XLOOKUP(A2, pivot_table!A:A, pivot_table!D:D) -> 5255.4 | C2: =RANK(B2, $B$2:$B$19, 0) -> 5
A3: Employer_02 | B3: =_xlfn.XLOOKUP(A3, pivot_table!A:A, pivot_table!D:D) -> 5280.35 | C3: =RANK(B3, $B$2:$B$19, 0) -> 4
A4: Employer_03 | B4: =_xlfn.XLOOKUP(A4, pivot_table!A:A, pivot_table!D:D) -> 5325.89 | C4: =RANK(B4, $B$2:$B$19, 0) -> 3
A5: Employer_04 | B5: =_xlfn.XLOOKUP(A5, pivot_table!A:A, pivot_table!D:D) -> 5106.26 | C5: =RANK(B5, $B$2:$B$19, 0) -> 9
A6: Employer_05 | B6: =_xlfn.XLOOKUP(A6, pivot_table!A:A, pivot_table!D:D) -> 4650.55 | C6: =RANK(B6, $B$2:$B$19, 0) -> 15 | G6: Employer_15 | H6: Employer_07
A7: Employer_06 | B7: =_xlfn.XLOOKUP(A7, pivot_table!A:A, pivot_table!D:D) -> 5054.87 | C7: =RANK(B7, $B$2:$B$19, 0) -> 11 | F7: Current cost/employee | G7: =B16 -> 5552.17 | H7: =B8 -> 4154.23
A8: Employer_07 | B8: =_xlfn.XLOOKUP(A8, pivot_table!A:A, pivot_table!D:D) -> 4154.23 | C8: =RANK(B8, $B$2:$B$19, 0) -> 18 | F8: Scenario: +5% growth | G8: =G7 * (1 + 0.05) -> 5829.7785 | H8: =H7 * (1 + 0.05) -> 4361.9415
A9: Employer_08 | B9: =_xlfn.XLOOKUP(A9, pivot_table!A:A, pivot_table!D:D) -> 5062.96 | C9: =RANK(B9, $B$2:$B$19, 0) -> 10 | F9: Scenario: +10% growth | G9: =G7 * (1 + 0.1) -> 6107.387 | H9: =H7 * (1 + 0.1) -> 4569.653
A10: Employer_09 | B10: =_xlfn.XLOOKUP(A10, pivot_table!A:A, pivot_table!D:D) -> 4928.19 | C10: =RANK(B10, $B$2:$B$19, 0) -> 12 | F10: Scenario: +15% growth | G10: =G7 * (1 + 0.15) -> 6384.9955 | H10: =H7 * (1 + 0.15) -> 4777.3645
A11: Employer_10 | B11: =_xlfn.XLOOKUP(A11, pivot_table!A:A, pivot_table!D:D) -> 4606.97 | C11: =RANK(B11, $B$2:$B$19, 0) -> 17
A12: Employer_11 | B12: =_xlfn.XLOOKUP(A12, pivot_table!A:A, pivot_table!D:D) -> 4697.31 | C12: =RANK(B12, $B$2:$B$19, 0) -> 14 | F12: At a flat 10% renewal increase, Employer_15's per-employee cost would exceed $6,100, widening the existing gap
A13: Employer_12 | B13: =_xlfn.XLOOKUP(A13, pivot_table!A:A, pivot_table!D:D) -> 5445.4 | C13: =RANK(B13, $B$2:$B$19, 0) -> 2 | F13: with Employer_07 rather than closing it, unless the underlying risk difference is addressed first.
A14: Employer_13 | B14: =_xlfn.XLOOKUP(A14, pivot_table!A:A, pivot_table!D:D) -> 5212.1 | C14: =RANK(B14, $B$2:$B$19, 0) -> 6
A15: Employer_14 | B15: =_xlfn.XLOOKUP(A15, pivot_table!A:A, pivot_table!D:D) -> 5132.96 | C15: =RANK(B15, $B$2:$B$19, 0) -> 8
A16: Employer_15 | B16: =_xlfn.XLOOKUP(A16, pivot_table!A:A, pivot_table!D:D) -> 5552.17 | C16: =RANK(B16, $B$2:$B$19, 0) -> 1
A17: Employer_16 | B17: =_xlfn.XLOOKUP(A17, pivot_table!A:A, pivot_table!D:D) -> 5135.39 | C17: =RANK(B17, $B$2:$B$19, 0) -> 7
A18: Employer_17 | B18: =_xlfn.XLOOKUP(A18, pivot_table!A:A, pivot_table!D:D) -> 4614.48 | C18: =RANK(B18, $B$2:$B$19, 0) -> 16
A19: Employer_18 | B19: =_xlfn.XLOOKUP(A19, pivot_table!A:A, pivot_table!D:D) -> 4836.53 | C19: =RANK(B19, $B$2:$B$19, 0) -> 13
